window,start,end,event,diagnosis,data_alarm,relational_alarm,adapted,true_data_drift,true_concept_drift
0,14400,15000,detected_drift,data,True,False,True,False,False
2,15600,16200,detected_drift,data,True,False,True,False,False
5,17400,18000,detected_drift,data,True,False,True,False,False
6,18000,18600,detected_drift,both,False,True,True,True,False
16,24000,24600,detected_drift,data,True,False,True,False,False
18,25200,25800,detected_drift,both,False,True,True,False,True
20,26400,27000,detected_drift,both,True,False,True,False,True
25,29400,30000,detected_drift,data,True,False,True,False,False
27,30600,31200,detected_drift,data,True,False,True,False,False
31,33000,33600,detected_drift,both,False,True,True,True,True
42,39600,40200,detected_drift,relational,False,True,True,False,True
43,40200,40800,detected_drift,both,True,False,True,False,True
49,43800,44400,detected_drift,data,True,False,True,False,False
51,45000,45600,detected_drift,data,True,False,True,True,False
64,52800,53400,detected_drift,both,True,True,True,True,True
