window,start,end,strategy,mae,rmse,r2,mae_x_normal,diagnosis,alarm,recovery,data_alarm,relational_alarm,new_alarm,drift_active,data_active,relational_active,adapted,ph_stat,mean_resid,ks,psi,worst_ks,worst_psi,features_moved,updates_seen
0,14400,15000,Incremental,4.348904560035743,6.178594187140445,0.881612685046378,1.0078692473177857,none,False,False,False,False,False,False,False,False,False,0.0,1.1013709105009988,"{'temperature': 0.16659722222222223, 'vibration': 0.06756944444444446, 'pressure': 0.24062500000000003, 'load': 0.04159722222222223, 'humidity': 0.08159722222222221, 'rpm': 0.07951388888888888, 'oil_viscosity': 0.06861111111111112}","{'temperature': 0.19538624562083706, 'vibration': 0.032281641193465126, 'pressure': 0.36283969313200093, 'load': 0.03150765726034711, 'humidity': 0.06235424379969777, 'rpm': 0.05163492260658049, 'oil_viscosity': 0.034766049195363795}",0.24062500000000003,0.36283969313200093,[],0
1,15000,15600,Incremental,4.297596321131112,5.6434218499572495,0.9063742131856525,0.9959784377099551,none,False,False,False,False,False,False,False,False,False,0.0,1.0470494222171995,"{'temperature': 0.06340277777777781, 'vibration': 0.14777777777777773, 'pressure': 0.06972222222222224, 'load': 0.06895833333333334, 'humidity': 0.0747916666666667, 'rpm': 0.08166666666666667, 'oil_viscosity': 0.10076388888888888}","{'temperature': 0.08898961906766034, 'vibration': 0.10970134829822317, 'pressure': 0.03469572092480269, 'load': 0.03926230222862793, 'humidity': 0.04319723389881615, 'rpm': 0.032381501055422035, 'oil_viscosity': 0.0693004521019381}",0.14777777777777773,0.10970134829822317,[],0
2,15600,16200,Incremental,4.788800242152612,6.150263462871247,0.9015344675544485,1.1098161454189086,none,False,False,False,False,False,False,False,False,False,4.387650738425969,0.9782697189745617,"{'temperature': 0.18499999999999994, 'vibration': 0.11979166666666669, 'pressure': 0.12541666666666673, 'load': 0.15340277777777772, 'humidity': 0.05208333333333326, 'rpm': 0.12618055555555552, 'oil_viscosity': 0.04701388888888888}","{'temperature': 0.15405519090985775, 'vibration': 0.07060359703292139, 'pressure': 0.08848570130910632, 'load': 0.15465297476072898, 'humidity': 0.035587736445806185, 'rpm': 0.09950359728633403, 'oil_viscosity': 0.0276320198065979}",0.18499999999999994,0.15465297476072898,[],0
3,16200,16800,Incremental,4.555748969471151,5.76275608412734,0.9026607698929915,1.0558059441046757,none,False,False,False,False,False,False,False,False,False,0.0,0.9857571016700802,"{'temperature': 0.06256944444444446, 'vibration': 0.058958333333333335, 'pressure': 0.07701388888888891, 'load': 0.11041666666666672, 'humidity': 0.24354166666666668, 'rpm': 0.031666666666666676, 'oil_viscosity': 0.0665972222222222}","{'temperature': 0.06707180246300258, 'vibration': 0.03664911406750081, 'pressure': 0.04107889548839321, 'load': 0.07638065903176611, 'humidity': 1.3965230573521326, 'rpm': 0.014788329721521052, 'oil_viscosity': 0.07113989602281107}",0.24354166666666668,1.3965230573521326,[],0
4,16800,17400,Incremental,5.1819522736878225,6.815135354286567,0.8897408352904875,1.200930088398056,none,False,False,False,False,False,False,False,False,False,4.935620519593692,1.099350489155341,"{'temperature': 0.04673611111111109, 'vibration': 0.04305555555555557, 'pressure': 0.1126388888888889, 'load': 0.14875000000000002, 'humidity': 0.0708333333333333, 'rpm': 0.125, 'oil_viscosity': 0.15180555555555564}","{'temperature': 0.016842672321474045, 'vibration': 0.03489481354325316, 'pressure': 0.12140731602207419, 'load': 0.1320708953537153, 'humidity': 0.05372704279192845, 'rpm': 0.0989973723592379, 'oil_viscosity': 0.11638994172363439}",0.15180555555555564,0.1320708953537153,[],0
5,17400,18000,Incremental,3.886190364065094,5.134761211153839,0.9003124174753308,0.9006341029318258,none,False,False,False,False,False,False,False,False,False,0.0,1.0095841230235714,"{'temperature': 0.0996527777777777, 'vibration': 0.05354166666666671, 'pressure': 0.10319444444444448, 'load': 0.05625000000000002, 'humidity': 0.16694444444444434, 'rpm': 0.023194444444444406, 'oil_viscosity': 0.11951388888888892}","{'temperature': 0.06748741573678847, 'vibration': 0.033927361288321016, 'pressure': 0.11736658288604082, 'load': 0.03429914678358248, 'humidity': 0.2923050880337788, 'rpm': 0.010583369350761375, 'oil_viscosity': 0.10969854825809401}",0.16694444444444434,0.2923050880337788,[],0
6,18000,18600,Incremental,6.340357511086278,8.461635913323363,0.8691592249896,1.4693933297933022,none,False,False,False,False,False,False,False,False,False,2.0773416865053687,1.4977882212914506,"{'temperature': 0.8139583333333333, 'vibration': 0.31625000000000003, 'pressure': 0.2275694444444445, 'load': 0.033194444444444415, 'humidity': 0.07458333333333333, 'rpm': 0.37423611111111116, 'oil_viscosity': 0.13805555555555554}","{'temperature': 7.45918183081172, 'vibration': 0.55383216982806, 'pressure': 0.3433032671691531, 'load': 0.01262084196197097, 'humidity': 0.03355598341717591, 'rpm': 0.8499008249223196, 'oil_viscosity': 0.12458599551991727}",0.8139583333333333,7.45918183081172,"['temperature', 'vibration', 'rpm']",0
7,18600,19200,Incremental,6.687315377175496,8.545880060615852,0.7963265676004675,1.5498016621719395,data,True,False,True,False,True,True,True,False,True,14.115310045412686,1.5486431447520272,"{'temperature': 0.766875, 'vibration': 0.3255555555555555, 'pressure': 0.08437499999999998, 'load': 0.09368055555555554, 'humidity': 0.1880555555555556, 'rpm': 0.4740277777777778, 'oil_viscosity': 0.07951388888888888}","{'temperature': 5.373520895793876, 'vibration': 0.6429110947206842, 'pressure': 0.03533540259603152, 'load': 0.05820137520941125, 'humidity': 0.17276200616660292, 'rpm': 2.223676737634913, 'oil_viscosity': 0.07019264389703275}",0.766875,5.373520895793876,"['temperature', 'vibration', 'rpm']",600
8,19200,19800,Incremental,6.805584327303926,8.88625943174176,0.8155324202610768,1.5772107800547255,data,False,False,False,False,False,True,True,False,True,29.703810676498595,1.843200599621432,"{'temperature': 0.7907638888888889, 'vibration': 0.34187500000000004, 'pressure': 0.08041666666666666, 'load': 0.09437499999999999, 'humidity': 0.10965277777777782, 'rpm': 0.39972222222222226, 'oil_viscosity': 0.06395833333333334}","{'temperature': 8.159832716168497, 'vibration': 0.682897532724857, 'pressure': 0.07014835936341232, 'load': 0.07723202615195746, 'humidity': 0.09079851894636023, 'rpm': 1.0994743682771673, 'oil_viscosity': 0.036345012390497734}",0.7907638888888889,8.159832716168497,"['temperature', 'vibration', 'rpm']",1200
9,19800,20400,Incremental,12.069691884667058,15.231478249201752,0.6380327604325349,2.797180555982814,data,False,False,False,False,False,True,True,False,True,0.0,1.6749576299980469,"{'temperature': 0.7465972222222222, 'vibration': 0.37562500000000004, 'pressure': 0.09111111111111111, 'load': 0.11444444444444446, 'humidity': 0.13048611111111108, 'rpm': 0.40979166666666667, 'oil_viscosity': 0.07763888888888887}","{'temperature': 5.278172913516421, 'vibration': 0.8254611701724133, 'pressure': 0.069369835015051, 'load': 0.10450146690258547, 'humidity': 0.2042199331875671, 'rpm': 1.183652787283348, 'oil_viscosity': 0.08370138722378474}",0.7465972222222222,5.278172913516421,"['temperature', 'vibration', 'rpm']",1800
10,20400,21000,Incremental,6.025596254898496,7.63627761062781,0.9050858691265801,1.3964466403501627,data,False,False,False,False,False,True,True,False,False,4.18773007532636,1.3290163606378536,"{'temperature': 0.7770138888888889, 'vibration': 0.39743055555555556, 'pressure': 0.1465277777777778, 'load': 0.05652777777777784, 'humidity': 0.12666666666666665, 'rpm': 0.41874999999999996, 'oil_viscosity': 0.16527777777777775}","{'temperature': 7.890939296392075, 'vibration': 0.9058180241359091, 'pressure': 0.15519350378010077, 'load': 0.04336152853813318, 'humidity': 0.10103196760102831, 'rpm': 1.0266101886628118, 'oil_viscosity': 0.1998186424093753}",0.7770138888888889,7.890939296392075,"['temperature', 'vibration', 'rpm']",1800
11,21000,21600,Incremental,6.1292066673069,7.4572819509866095,0.8750511508186193,1.4204586063353362,none,False,True,False,False,False,False,False,False,False,0.0,1.0635598802444135,"{'temperature': 0.08159722222222221, 'vibration': 0.16986111111111113, 'pressure': 0.0773611111111111, 'load': 0.07986111111111105, 'humidity': 0.07652777777777775, 'rpm': 0.06854166666666661, 'oil_viscosity': 0.18715277777777783}","{'temperature': 0.05750926829466747, 'vibration': 0.24476733591938998, 'pressure': 0.058049432203557835, 'load': 0.0462600013099877, 'humidity': 0.0687161278901094, 'rpm': 0.02470018631447418, 'oil_viscosity': 0.22709899702888697}",0.18715277777777783,0.24476733591938998,[],1800
12,21600,22200,Incremental,6.230106097888738,7.917648897415793,0.8000096146729299,1.4438422956647874,none,False,False,False,False,False,False,False,False,False,0.0,0.9948669281179292,"{'temperature': 0.07055555555555554, 'vibration': 0.024097222222222214, 'pressure': 0.06368055555555557, 'load': 0.13125000000000003, 'humidity': 0.19729166666666664, 'rpm': 0.09333333333333332, 'oil_viscosity': 0.03590277777777778}","{'temperature': 0.08821880778715095, 'vibration': 0.017350233880396262, 'pressure': 0.05527839346549194, 'load': 0.10355230645989422, 'humidity': 0.2276112358721352, 'rpm': 0.0478474257459104, 'oil_viscosity': 0.0268392461350849}",0.19729166666666664,0.2276112358721352,[],1800
13,22200,22800,Incremental,6.169364394722647,8.062887982685071,0.816602956924253,1.429765257687595,none,False,False,False,False,False,False,False,False,False,0.0,1.0284968141036321,"{'temperature': 0.08486111111111111, 'vibration': 0.04895833333333333, 'pressure': 0.059305555555555556, 'load': 0.04055555555555557, 'humidity': 0.06354166666666666, 'rpm': 0.10743055555555558, 'oil_viscosity': 0.034861111111111114}","{'temperature': 0.09035777021137441, 'vibration': 0.026806378431069314, 'pressure': 0.03393985289492206, 'load': 0.018331267501411497, 'humidity': 0.09042580512452153, 'rpm': 0.0853438548135445, 'oil_viscosity': 0.03689114840639528}",0.10743055555555558,0.09042580512452153,[],1800
14,22800,23400,Incremental,5.870493566401593,7.724208587263431,0.8165570935014657,1.3605012136905688,none,False,False,False,False,False,False,False,False,False,0.0,0.9963107032888966,"{'temperature': 0.14687500000000003, 'vibration': 0.0990277777777778, 'pressure': 0.12208333333333332, 'load': 0.06395833333333334, 'humidity': 0.055486111111111125, 'rpm': 0.06034722222222222, 'oil_viscosity': 0.11368055555555556}","{'temperature': 0.11700839628808321, 'vibration': 0.08042525737950279, 'pressure': 0.0766256057607483, 'load': 0.03197781299898159, 'humidity': 0.032118943999720956, 'rpm': 0.02542419338811849, 'oil_viscosity': 0.06922500375872395}",0.14687500000000003,0.11700839628808321,[],1800
15,23400,24000,Incremental,5.146267261552584,6.96321755408907,0.8262301682524135,1.1926599997298022,none,False,False,False,False,False,False,False,False,False,0.0,1.0376724230804317,"{'temperature': 0.10479166666666667, 'vibration': 0.1535416666666667, 'pressure': 0.06805555555555554, 'load': 0.1438888888888889, 'humidity': 0.0526388888888889, 'rpm': 0.048750000000000016, 'oil_viscosity': 0.12381944444444443}","{'temperature': 0.04877911481417262, 'vibration': 0.13952173598454487, 'pressure': 0.057465313120663296, 'load': 0.10194375948048828, 'humidity': 0.07431206255795601, 'rpm': 0.015756441212671723, 'oil_viscosity': 0.10955395035297606}",0.1535416666666667,0.13952173598454487,[],1800
16,24000,24600,Incremental,7.909748736489197,9.898741933471216,0.7391881647157286,1.833103577111532,none,False,False,False,False,False,False,False,False,False,2.0553394618152154,1.0095921819402998,"{'temperature': 0.0986111111111111, 'vibration': 0.10791666666666666, 'pressure': 0.2475694444444444, 'load': 0.060833333333333295, 'humidity': 0.13868055555555553, 'rpm': 0.05784722222222216, 'oil_viscosity': 0.10569444444444442}","{'temperature': 0.05725772005757152, 'vibration': 0.08946587946917858, 'pressure': 0.2844451678685951, 'load': 0.02953653715195391, 'humidity': 0.15464416132620767, 'rpm': 0.015000333549070134, 'oil_viscosity': 0.07753534516138588}",0.2475694444444444,0.2844451678685951,[],1800
17,24600,25200,Incremental,8.08311650576791,9.7216293718279,0.6133926024106409,1.8732819808267571,none,False,False,False,False,False,False,False,False,False,0.0,0.9959488311575374,"{'temperature': 0.1917361111111111, 'vibration': 0.10111111111111115, 'pressure': 0.034722222222222224, 'load': 0.10187499999999994, 'humidity': 0.07, 'rpm': 0.0697916666666667, 'oil_viscosity': 0.05958333333333332}","{'temperature': 0.31783696219503244, 'vibration': 0.07411763119731608, 'pressure': 0.02025238690234426, 'load': 0.09107109536947047, 'humidity': 0.040025857079539894, 'rpm': 0.02593028285117229, 'oil_viscosity': 0.06560275260995839}",0.1917361111111111,0.31783696219503244,[],1800
18,25200,25800,Incremental,12.523664425644084,15.632888685935809,0.4410440364177529,2.902389800485916,relational,True,False,False,True,True,True,False,True,True,0.892844508039055,3.028116879731753,"{'temperature': 0.0695833333333333, 'vibration': 0.09895833333333337, 'pressure': 0.08354166666666668, 'load': 0.10833333333333334, 'humidity': 0.06333333333333332, 'rpm': 0.08937500000000004, 'oil_viscosity': 0.08750000000000002}","{'temperature': 0.09974585886344814, 'vibration': 0.057392785677824985, 'pressure': 0.06083441439040968, 'load': 0.05759665003298659, 'humidity': 0.04678143450184948, 'rpm': 0.05134874824751759, 'oil_viscosity': 0.16477221253804247}",0.10833333333333334,0.16477221253804247,[],2400
19,25800,26400,Incremental,6.458014458688222,8.669717458883252,0.8703805746895773,1.4966606145966976,relational,False,False,False,False,False,True,False,True,True,0.0,3.1877577058773223,"{'temperature': 0.045347222222222316, 'vibration': 0.08826388888888892, 'pressure': 0.06354166666666666, 'load': 0.12736111111111104, 'humidity': 0.08909722222222216, 'rpm': 0.05493055555555554, 'oil_viscosity': 0.06999999999999999}","{'temperature': 0.03593613334098081, 'vibration': 0.05272875469239736, 'pressure': 0.04776775280196951, 'load': 0.07873198365337504, 'humidity': 0.09683391032849019, 'rpm': 0.03524318966829122, 'oil_viscosity': 0.09950780339239279}",0.12736111111111104,0.09950780339239279,[],3000
20,26400,27000,Incremental,6.238440642354435,8.686710510185824,0.8072942721478575,1.4457738466890548,relational,False,False,False,False,False,True,False,True,True,0.0,3.0125652055593286,"{'temperature': 0.07756944444444447, 'vibration': 0.1875, 'pressure': 0.14965277777777775, 'load': 0.09312500000000001, 'humidity': 0.16333333333333333, 'rpm': 0.06423611111111113, 'oil_viscosity': 0.11326388888888883}","{'temperature': 0.03718759210311305, 'vibration': 0.2806399190734513, 'pressure': 0.1272721345710268, 'load': 0.04994528182071745, 'humidity': 0.11594515703168765, 'rpm': 0.033034314604437884, 'oil_viscosity': 0.08986036352426094}",0.1875,0.2806399190734513,[],3600
21,27000,27600,Incremental,5.757233164833309,7.403536489425669,0.8997629451660386,1.3342528391622948,relational,False,False,False,False,False,True,False,True,False,0.9517920689011115,2.844677010111528,"{'temperature': 0.1521527777777778, 'vibration': 0.07861111111111108, 'pressure': 0.20909722222222227, 'load': 0.10020833333333334, 'humidity': 0.14430555555555552, 'rpm': 0.07513888888888892, 'oil_viscosity': 0.04270833333333335}","{'temperature': 0.12000976470896588, 'vibration': 0.05793042988861795, 'pressure': 0.30363102497716465, 'load': 0.047112039408380324, 'humidity': 0.13081628785895574, 'rpm': 0.037415639323958916, 'oil_viscosity': 0.027814271239651855}",0.20909722222222227,0.30363102497716465,[],3600
22,27600,28200,Incremental,7.2311886385611945,9.693053476562799,0.8458761851979075,1.6758456180743813,relational,False,False,False,False,False,True,False,True,False,0.47682518884685576,3.0188078808496455,"{'temperature': 0.15270833333333333, 'vibration': 0.07763888888888888, 'pressure': 0.0625, 'load': 0.046388888888888924, 'humidity': 0.17361111111111116, 'rpm': 0.03437499999999993, 'oil_viscosity': 0.07597222222222227}","{'temperature': 0.15371595718650577, 'vibration': 0.05611319547571656, 'pressure': 0.02916230812141244, 'load': 0.027293468380611526, 'humidity': 0.17607792915048764, 'rpm': 0.01929711371171075, 'oil_viscosity': 0.0521534781023137}",0.17361111111111116,0.17607792915048764,[],3600
23,28200,28800,Incremental,6.048445662783541,8.147387447389969,0.8099371395538937,1.4017420464021566,relational,False,False,False,False,False,True,False,True,False,1.526626400775252,3.0744221871392354,"{'temperature': 0.0600694444444444, 'vibration': 0.16993055555555558, 'pressure': 0.0953472222222222, 'load': 0.14173611111111106, 'humidity': 0.08208333333333334, 'rpm': 0.029930555555555557, 'oil_viscosity': 0.09840277777777784}","{'temperature': 0.05238053932209803, 'vibration': 0.21669894415884594, 'pressure': 0.04572544010596269, 'load': 0.09628811256766737, 'humidity': 0.04800447590476553, 'rpm': 0.015428563530899778, 'oil_viscosity': 0.16509567873413766}",0.16993055555555558,0.21669894415884594,[],3600
24,28800,29400,Incremental,6.882258303394337,9.36941466008773,0.8291585170872522,1.5949801611722705,relational,False,False,False,False,False,True,False,True,False,0.0,2.725791088814567,"{'temperature': 0.11083333333333334, 'vibration': 0.07145833333333329, 'pressure': 0.046458333333333324, 'load': 0.1217361111111111, 'humidity': 0.10673611111111114, 'rpm': 0.12812500000000004, 'oil_viscosity': 0.0896527777777778}","{'temperature': 0.06068303154394598, 'vibration': 0.11852733876540494, 'pressure': 0.041810438296688616, 'load': 0.09081519550713367, 'humidity': 0.10489984856693124, 'rpm': 0.12860113877774473, 'oil_viscosity': 0.07206750508012656}",0.12812500000000004,0.12860113877774473,[],3600
25,29400,30000,Incremental,9.663917087728324,12.287238265338917,0.5448225932393225,2.2396363743770413,none,False,True,False,False,False,False,False,False,False,0.0,1.0103562470212377,"{'temperature': 0.17944444444444446, 'vibration': 0.026249999999999996, 'pressure': 0.05486111111111114, 'load': 0.08458333333333334, 'humidity': 0.09618055555555555, 'rpm': 0.07763888888888892, 'oil_viscosity': 0.0855555555555555}","{'temperature': 0.22652640316140837, 'vibration': 0.017245067568188152, 'pressure': 0.03289920734896385, 'load': 0.03575462417061427, 'humidity': 0.07683862690750842, 'rpm': 0.0365013583328499, 'oil_viscosity': 0.09619385620184565}",0.17944444444444446,0.22652640316140837,[],3600
26,30000,30600,Incremental,9.194627240660592,11.937821974374419,0.6454309577929345,2.1308773067983897,none,False,False,False,False,False,False,False,False,False,0.0,0.9947845894341143,"{'temperature': 0.13902777777777775, 'vibration': 0.11479166666666665, 'pressure': 0.05465277777777777, 'load': 0.1413888888888889, 'humidity': 0.08708333333333335, 'rpm': 0.08944444444444444, 'oil_viscosity': 0.07854166666666668}","{'temperature': 0.11995304731349614, 'vibration': 0.0833435234964054, 'pressure': 0.040738867538935006, 'load': 0.13285936653290192, 'humidity': 0.046845439546300875, 'rpm': 0.04764699395834793, 'oil_viscosity': 0.06610745066850814}",0.1413888888888889,0.13285936653290192,[],3600
27,30600,31200,Incremental,12.789423206331657,21.52225113848367,-0.771593050149447,2.9639800466184907,none,False,False,False,False,False,False,False,False,False,0.0,1.0671071761423505,"{'temperature': 0.09180555555555558, 'vibration': 0.17347222222222225, 'pressure': 0.210625, 'load': 0.06701388888888893, 'humidity': 0.11729166666666668, 'rpm': 0.07916666666666666, 'oil_viscosity': 0.18388888888888888}","{'temperature': 0.04389942439811804, 'vibration': 0.15174579676678812, 'pressure': 0.19073690705096621, 'load': 0.05155758381901965, 'humidity': 0.09122975391754636, 'rpm': 0.04859447803662126, 'oil_viscosity': 0.32038066211713834}",0.210625,0.32038066211713834,[],3600
28,31200,31800,Incremental,9.11609410801324,11.849178852847647,0.32838865611033696,2.112677061610635,none,False,False,False,False,False,False,False,False,False,1.9452465261304366,1.0308782491278377,"{'temperature': 0.23305555555555557, 'vibration': 0.11354166666666665, 'pressure': 0.05465277777777777, 'load': 0.12687500000000002, 'humidity': 0.07791666666666675, 'rpm': 0.09701388888888884, 'oil_viscosity': 0.21854166666666663}","{'temperature': 0.3840784476029766, 'vibration': 0.07582004868730662, 'pressure': 0.06268490779914668, 'load': 0.07051549095268328, 'humidity': 0.044039942931420675, 'rpm': 0.05758520610017215, 'oil_viscosity': 0.22997036256846806}",0.23305555555555557,0.3840784476029766,[],3600
29,31800,32400,Incremental,10.070824294334113,12.995278946652181,0.45551697963178883,2.3339381127547143,none,False,False,False,False,False,False,False,False,False,0.9054873219742563,0.9613140623182134,"{'temperature': 0.09333333333333332, 'vibration': 0.02902777777777779, 'pressure': 0.057499999999999996, 'load': 0.08701388888888895, 'humidity': 0.13951388888888888, 'rpm': 0.054444444444444434, 'oil_viscosity': 0.031319444444444455}","{'temperature': 0.07911894501446542, 'vibration': 0.01976146236009768, 'pressure': 0.04834805941420591, 'load': 0.06629249591772916, 'humidity': 0.23884594218935706, 'rpm': 0.025291747398284846, 'oil_viscosity': 0.01812941368312524}",0.13951388888888888,0.23884594218935706,[],3600
30,32400,33000,Incremental,9.793557260435655,12.611400035921553,0.5080203172970427,2.269680800849259,none,False,False,False,False,False,False,False,False,False,3.9030849818574422,1.149509266442462,"{'temperature': 0.03861111111111104, 'vibration': 0.13541666666666663, 'pressure': 0.0566666666666667, 'load': 0.04625000000000001, 'humidity': 0.06159722222222222, 'rpm': 0.07423611111111106, 'oil_viscosity': 0.16236111111111112}","{'temperature': 0.03628126326939017, 'vibration': 0.0991768298559362, 'pressure': 0.02484848850381761, 'load': 0.015213072556698182, 'humidity': 0.027070824061162322, 'rpm': 0.03862751411114012, 'oil_viscosity': 0.21235672737628802}",0.16236111111111112,0.21235672737628802,[],3600
31,33000,33600,Incremental,11.771879420747991,14.774262621837169,0.4121921534241457,2.7281617905193802,none,False,False,False,False,False,False,False,False,False,37.19103713145753,1.9271070904223377,"{'temperature': 0.11979166666666663, 'vibration': 0.21555555555555556, 'pressure': 0.09486111111111112, 'load': 0.29041666666666666, 'humidity': 0.15180555555555558, 'rpm': 0.05118055555555556, 'oil_viscosity': 0.08597222222222223}","{'temperature': 0.12554638106981791, 'vibration': 0.23629381690544893, 'pressure': 0.029077542286082673, 'load': 0.590697706505442, 'humidity': 0.14959152129111464, 'rpm': 0.017854900809165086, 'oil_viscosity': 0.06677818593245978}",0.29041666666666666,0.590697706505442,['load'],3600
32,33600,34200,Incremental,12.183936381064438,15.338352631987783,0.24950923931531188,2.823656996889873,none,False,False,False,False,False,False,False,False,False,5.0874471829835235,2.5141378493335833,"{'temperature': 0.3336805555555556, 'vibration': 0.2352777777777778, 'pressure': 0.13104166666666667, 'load': 0.3636111111111111, 'humidity': 0.0634027777777777, 'rpm': 0.07930555555555552, 'oil_viscosity': 0.5415972222222222}","{'temperature': 0.7567024939847049, 'vibration': 0.29835537731106476, 'pressure': 0.11120706252413773, 'load': 0.9965102980591507, 'humidity': 0.053579540270979255, 'rpm': 0.03543860813453215, 'oil_viscosity': 1.8780259418081469}",0.5415972222222222,1.8780259418081469,"['temperature', 'vibration', 'load', 'oil_viscosity']",3600
33,34200,34800,Incremental,14.921501367089082,18.416495492886327,-0.4271008234203688,3.4580943647049778,both,True,False,True,True,True,True,True,True,True,3.966462957610228,3.164442546539937,"{'temperature': 0.41284722222222225, 'vibration': 0.1848611111111111, 'pressure': 0.11659722222222224, 'load': 0.5170833333333333, 'humidity': 0.0896527777777778, 'rpm': 0.09590277777777778, 'oil_viscosity': 0.574375}","{'temperature': 2.022277197139371, 'vibration': 0.3191981538941435, 'pressure': 0.11004206269369701, 'load': 2.0528421211430086, 'humidity': 0.05857385210592539, 'rpm': 0.09135695825607434, 'oil_viscosity': 2.027443142481598}",0.574375,2.0528421211430086,"['temperature', 'load', 'oil_viscosity']",4200
34,34800,35400,Incremental,5.187766011044123,6.8338817960881,0.7121006861093078,1.2022774362215156,both,False,False,False,False,False,True,True,True,True,0.0,3.283652471515131,"{'temperature': 0.62875, 'vibration': 0.22590277777777784, 'pressure': 0.14555555555555555, 'load': 0.6213888888888889, 'humidity': 0.13020833333333331, 'rpm': 0.03916666666666668, 'oil_viscosity': 0.7}","{'temperature': 2.72148852614788, 'vibration': 0.30486056938562794, 'pressure': 0.12855807729521368, 'load': 4.984329409165968, 'humidity': 0.1998308798134055, 'rpm': 0.014250421983028779, 'oil_viscosity': 5.566679376809118}",0.7,5.566679376809118,"['temperature', 'vibration', 'load', 'oil_viscosity']",4800
35,35400,36000,Incremental,6.298849677897758,8.138044999673458,0.6608700593191363,1.4597737881326405,both,False,False,False,False,False,True,True,True,True,0.0,3.1879585460694413,"{'temperature': 0.6684027777777778, 'vibration': 0.25999999999999995, 'pressure': 0.11312500000000003, 'load': 0.4134722222222223, 'humidity': 0.07513888888888887, 'rpm': 0.03937499999999994, 'oil_viscosity': 0.5905555555555556}","{'temperature': 5.463696988031009, 'vibration': 0.4361448892484864, 'pressure': 0.14700342668185268, 'load': 1.1162867907000662, 'humidity': 0.035933432803252716, 'rpm': 0.011599192219283995, 'oil_viscosity': 3.1726494108009033}",0.6684027777777778,5.463696988031009,"['temperature', 'vibration', 'load', 'oil_viscosity']",5400
36,36000,36600,Incremental,7.212267358768437,9.978350096836373,0.7486927228527768,1.6714605652962031,both,False,False,False,False,False,True,True,True,False,8.70900382436498,3.538014088618756,"{'temperature': 0.6399305555555556, 'vibration': 0.18118055555555557, 'pressure': 0.14104166666666662, 'load': 0.4749305555555555, 'humidity': 0.05993055555555554, 'rpm': 0.08826388888888886, 'oil_viscosity': 0.5951388888888889}","{'temperature': 2.423341725056228, 'vibration': 0.18222471552480612, 'pressure': 0.09940246178109982, 'load': 1.4187331268077683, 'humidity': 0.026142985242128006, 'rpm': 0.058564569588172403, 'oil_viscosity': 2.2662064217315314}",0.6399305555555556,2.423341725056228,"['temperature', 'load', 'oil_viscosity']",5400
37,36600,37200,Incremental,8.282385387507263,10.618906000213316,0.6757645910540462,1.9194630305784786,both,False,False,False,False,False,True,True,True,False,0.43440053017923036,3.4844519883861023,"{'temperature': 0.6542361111111111, 'vibration': 0.34916666666666674, 'pressure': 0.12944444444444447, 'load': 0.517986111111111, 'humidity': 0.038819444444444406, 'rpm': 0.06402777777777768, 'oil_viscosity': 0.5153472222222222}","{'temperature': 3.5792870579426213, 'vibration': 0.7684340255827453, 'pressure': 0.12166616450596855, 'load': 2.6674734420041872, 'humidity': 0.045243282356963205, 'rpm': 0.03960557143859619, 'oil_viscosity': 2.6506092041546396}",0.6542361111111111,3.5792870579426213,"['temperature', 'vibration', 'load', 'oil_viscosity']",5400
38,37200,37800,Incremental,12.832692922684695,15.769601267436881,0.08202394143984915,2.974007909003227,none,False,True,False,False,False,False,False,False,False,0.0,1.0072261558367195,"{'temperature': 0.14361111111111108, 'vibration': 0.06944444444444445, 'pressure': 0.08256944444444447, 'load': 0.05326388888888889, 'humidity': 0.1297916666666667, 'rpm': 0.05291666666666667, 'oil_viscosity': 0.22715277777777776}","{'temperature': 0.12706431227927378, 'vibration': 0.04216979141961175, 'pressure': 0.035463436121452835, 'load': 0.033888966111692446, 'humidity': 0.08888782590122296, 'rpm': 0.023731846264839568, 'oil_viscosity': 0.2858595147636216}",0.22715277777777776,0.2858595147636216,[],5400
39,37800,38400,Incremental,16.887274552020298,19.792363706281606,-0.5380977078844706,3.913667098698898,none,False,False,False,False,False,False,False,False,False,0.0,1.0691932423300978,"{'temperature': 0.07354166666666662, 'vibration': 0.19972222222222222, 'pressure': 0.022361111111111054, 'load': 0.1151388888888889, 'humidity': 0.20118055555555558, 'rpm': 0.05326388888888889, 'oil_viscosity': 0.06840277777777781}","{'temperature': 0.06825005656497596, 'vibration': 0.22396824673275473, 'pressure': 0.01073174031632518, 'load': 0.08289090304350152, 'humidity': 0.19695099696381876, 'rpm': 0.046679944497747074, 'oil_viscosity': 0.022619460527789088}",0.20118055555555558,0.22396824673275473,[],5400
40,38400,39000,Incremental,18.190731154422654,20.954796261158155,-0.12437879457044332,4.215746347999293,none,False,False,False,False,False,False,False,False,False,0.0,1.026948331907656,"{'temperature': 0.1627777777777778, 'vibration': 0.07006944444444446, 'pressure': 0.03812499999999999, 'load': 0.05812499999999998, 'humidity': 0.10118055555555555, 'rpm': 0.130625, 'oil_viscosity': 0.15284722222222225}","{'temperature': 0.15443183568777172, 'vibration': 0.03677825728407825, 'pressure': 0.038613428802622515, 'load': 0.033373558236357154, 'humidity': 0.06875162586307575, 'rpm': 0.11654533358817798, 'oil_viscosity': 0.143178135489423}",0.1627777777777778,0.15443183568777172,[],5400
41,39000,39600,Incremental,23.89613050794144,26.44875304063651,-1.7931679660873363,5.53798657486486,none,False,False,False,False,False,False,False,False,False,0.0,1.0016686352830273,"{'temperature': 0.08729166666666666, 'vibration': 0.09562500000000002, 'pressure': 0.06277777777777777, 'load': 0.06083333333333335, 'humidity': 0.1940277777777778, 'rpm': 0.042013888888888906, 'oil_viscosity': 0.06604166666666667}","{'temperature': 0.10425827502470411, 'vibration': 0.062439366570388, 'pressure': 0.04304143879121704, 'load': 0.021547642230457444, 'humidity': 0.15339063295228503, 'rpm': 0.01788107763071881, 'oil_viscosity': 0.05933407767641518}",0.1940277777777778,0.15339063295228503,[],5400
42,39600,40200,Incremental,20.669232765285233,26.648455756763642,-0.19368171928957478,4.790145146255619,relational,True,False,False,True,True,True,False,True,True,0.0,3.073092224651932,"{'temperature': 0.08659722222222221, 'vibration': 0.07618055555555556, 'pressure': 0.0715972222222222, 'load': 0.03791666666666671, 'humidity': 0.16361111111111115, 'rpm': 0.10409722222222217, 'oil_viscosity': 0.11499999999999999}","{'temperature': 0.06906936949835749, 'vibration': 0.04599613524125857, 'pressure': 0.06050603639486822, 'load': 0.009507053749958217, 'humidity': 0.13462170449678965, 'rpm': 0.06330487921135072, 'oil_viscosity': 0.11808844233208615}",0.16361111111111115,0.13462170449678965,[],6000
43,40200,40800,Incremental,4.858243493938401,6.660955318598638,0.881594382411401,1.125909788528903,relational,False,False,False,False,False,True,False,True,True,0.0,2.9900588733821096,"{'temperature': 0.2202777777777778, 'vibration': 0.04458333333333342, 'pressure': 0.09652777777777777, 'load': 0.06215277777777778, 'humidity': 0.13611111111111113, 'rpm': 0.08993055555555554, 'oil_viscosity': 0.08458333333333334}","{'temperature': 0.27956207633900854, 'vibration': 0.034057514579298724, 'pressure': 0.14185320276494484, 'load': 0.03050511037593037, 'humidity': 0.12162415429158545, 'rpm': 0.07097120671008267, 'oil_viscosity': 0.0565135544169523}",0.2202777777777778,0.27956207633900854,[],6600
44,40800,41400,Incremental,5.765647251717813,8.166082570232415,0.8585644887069187,1.3362028243362811,relational,False,False,False,False,False,True,False,True,True,0.0,3.083632699407995,"{'temperature': 0.0700694444444444, 'vibration': 0.056944444444444464, 'pressure': 0.035069444444444486, 'load': 0.0357638888888889, 'humidity': 0.09909722222222223, 'rpm': 0.0697916666666667, 'oil_viscosity': 0.19083333333333335}","{'temperature': 0.03285998828788421, 'vibration': 0.03163038847655381, 'pressure': 0.03155664249776787, 'load': 0.010891262730900401, 'humidity': 0.09612959346560099, 'rpm': 0.0504321099518681, 'oil_viscosity': 0.27192614880375104}",0.19083333333333335,0.27192614880375104,[],7200
45,41400,42000,Incremental,6.1546556932071566,8.02014886357518,0.9039912612619477,1.4263564802079352,relational,False,False,False,False,False,True,False,True,False,8.837143312098295,3.1713428747592873,"{'temperature': 0.1192361111111111, 'vibration': 0.036527777777777715, 'pressure': 0.18041666666666667, 'load': 0.03736111111111107, 'humidity': 0.10430555555555554, 'rpm': 0.09875, 'oil_viscosity': 0.15062499999999995}","{'temperature': 0.10317549699531275, 'vibration': 0.02105989295812874, 'pressure': 0.2649266869034297, 'load': 0.007166527253636441, 'humidity': 0.12628235596425164, 'rpm': 0.057333019907408495, 'oil_viscosity': 0.11550133936529697}",0.18041666666666667,0.2649266869034297,[],7200
46,42000,42600,Incremental,5.64132643452254,7.520788034295487,0.8937070933950615,1.3073911714883506,relational,False,False,False,False,False,True,False,True,False,0.4297550996211159,2.998915205279897,"{'temperature': 0.07020833333333332, 'vibration': 0.0742361111111111, 'pressure': 0.06208333333333338, 'load': 0.15805555555555556, 'humidity': 0.1175, 'rpm': 0.04541666666666666, 'oil_viscosity': 0.09868055555555555}","{'temperature': 0.07600161697995393, 'vibration': 0.05924625684697106, 'pressure': 0.04600545237724213, 'load': 0.15074532339290275, 'humidity': 0.10645132144472158, 'rpm': 0.018230087080041906, 'oil_viscosity': 0.11739453184924917}",0.15805555555555556,0.15074532339290275,[],7200
47,42600,43200,Incremental,13.138106098313948,16.597224177356672,-0.1590888668332502,3.044788157958578,none,False,True,False,False,False,False,False,False,False,0.0,0.9643665694530205,"{'temperature': 0.2048611111111111, 'vibration': 0.1297916666666667, 'pressure': 0.13590277777777782, 'load': 0.053541666666666654, 'humidity': 0.13875, 'rpm': 0.10256944444444449, 'oil_viscosity': 0.14222222222222225}","{'temperature': 0.21841015912192932, 'vibration': 0.12472718639699533, 'pressure': 0.15298935259292656, 'load': 0.026525701374020137, 'humidity': 0.18391524292345704, 'rpm': 0.06467405172737394, 'oil_viscosity': 0.12020218336577956}",0.2048611111111111,0.21841015912192932,[],7200
48,43200,43800,Incremental,11.337414885241138,15.546852536504007,0.15837709304294056,2.6274735739023742,none,False,False,False,False,False,False,False,False,False,2.253114925088867,1.0318792114417328,"{'temperature': 0.07090277777777776, 'vibration': 0.032569444444444484, 'pressure': 0.06812499999999999, 'load': 0.05965277777777778, 'humidity': 0.03638888888888886, 'rpm': 0.039999999999999925, 'oil_viscosity': 0.0690277777777778}","{'temperature': 0.06818132196346764, 'vibration': 0.014412293020571534, 'pressure': 0.03235501416047907, 'load': 0.05089977265003805, 'humidity': 0.008566766686913226, 'rpm': 0.03052248652167799, 'oil_viscosity': 0.030460371352677627}",0.07090277777777776,0.06818132196346764,[],7200
49,43800,44400,Incremental,10.990434684254327,14.07084206299715,0.6053853815567853,2.547060065356701,none,False,False,False,False,False,False,False,False,False,0.0,0.9412965997479481,"{'temperature': 0.07965277777777774, 'vibration': 0.10069444444444442, 'pressure': 0.09270833333333334, 'load': 0.05104166666666665, 'humidity': 0.07680555555555557, 'rpm': 0.06951388888888888, 'oil_viscosity': 0.04888888888888889}","{'temperature': 0.04872926347658254, 'vibration': 0.04448837587936004, 'pressure': 0.17025173511625363, 'load': 0.045404491055858295, 'humidity': 0.03258657456503511, 'rpm': 0.025307101038851282, 'oil_viscosity': 0.0432361164898773}",0.10069444444444442,0.17025173511625363,[],7200
50,44400,45000,Incremental,11.506897511854756,14.83084202409007,0.40479015808403673,2.6667515863214613,none,False,False,False,False,False,False,False,False,False,0.0,1.0290647853299932,"{'temperature': 0.130625, 'vibration': 0.1291666666666666, 'pressure': 0.03937500000000005, 'load': 0.03034722222222222, 'humidity': 0.1076388888888889, 'rpm': 0.038055555555555565, 'oil_viscosity': 0.03951388888888885}","{'temperature': 0.10130092677556408, 'vibration': 0.08533959521527909, 'pressure': 0.01841112409688704, 'load': 0.01047024793901069, 'humidity': 0.08707144508522395, 'rpm': 0.025038817402725944, 'oil_viscosity': 0.052772909459917444}",0.130625,0.10130092677556408,[],7200
51,45000,45600,Incremental,21.583842431880186,25.947085845257057,0.07147016796959493,5.002108169020379,none,False,False,False,False,False,False,False,False,False,10.688272641879017,1.268119697443437,"{'temperature': 0.2665277777777778, 'vibration': 0.055833333333333346, 'pressure': 0.4535416666666666, 'load': 0.7418750000000001, 'humidity': 0.5409722222222223, 'rpm': 0.0879861111111111, 'oil_viscosity': 0.1078472222222222}","{'temperature': 0.4980842693120701, 'vibration': 0.02410555666646361, 'pressure': 3.134509901800957, 'load': 5.139399055497266, 'humidity': 2.811615716768534, 'rpm': 0.052362567830702145, 'oil_viscosity': 0.13709669822849135}",0.7418750000000001,5.139399055497266,"['pressure', 'load', 'humidity']",7200
52,45600,46200,Incremental,22.119002401210903,27.725089148766184,-0.2487642456353243,5.126132798220227,data,True,False,True,False,True,True,True,False,True,0.15429804723586926,1.0444556875327395,"{'temperature': 0.15569444444444436, 'vibration': 0.12694444444444447, 'pressure': 0.5333333333333332, 'load': 0.6380555555555555, 'humidity': 0.47548611111111116, 'rpm': 0.06548611111111113, 'oil_viscosity': 0.05701388888888892}","{'temperature': 0.3551355403426001, 'vibration': 0.07259530210608947, 'pressure': 1.9235718436827103, 'load': 5.252198871971658, 'humidity': 1.634770491359892, 'rpm': 0.037718670923560696, 'oil_viscosity': 0.026897120357450788}",0.6380555555555555,5.252198871971658,"['pressure', 'load', 'humidity']",7800
53,46200,46800,Incremental,4.229130309930673,5.481013259646315,0.9470975449732304,0.9801112724910268,data,False,False,False,False,False,True,True,False,True,0.0,1.167176825803216,"{'temperature': 0.21659722222222222, 'vibration': 0.06951388888888899, 'pressure': 0.4409027777777778, 'load': 0.7285416666666666, 'humidity': 0.49124999999999996, 'rpm': 0.13083333333333336, 'oil_viscosity': 0.10680555555555554}","{'temperature': 0.3410759908843219, 'vibration': 0.056190041220465045, 'pressure': 2.9992265573623444, 'load': 5.865550341295493, 'humidity': 1.526091186473414, 'rpm': 0.12366893414318354, 'oil_viscosity': 0.1211822035738668}",0.7285416666666666,5.865550341295493,"['pressure', 'load', 'humidity']",8400
54,46800,47400,Incremental,5.577291835429194,7.183466076193136,0.8878266189989925,1.292550996842169,data,False,False,False,False,False,True,True,False,True,8.074647837682265,1.3583033630576826,"{'temperature': 0.3232638888888889, 'vibration': 0.05104166666666665, 'pressure': 0.44125, 'load': 0.6810416666666667, 'humidity': 0.5577777777777778, 'rpm': 0.13444444444444437, 'oil_viscosity': 0.07826388888888891}","{'temperature': 0.6150592374171364, 'vibration': 0.028945716489538427, 'pressure': 1.3738243475153014, 'load': 2.866184546998789, 'humidity': 1.6749772754876873, 'rpm': 0.08944604423204702, 'oil_viscosity': 0.08661410970220201}",0.6810416666666667,2.866184546998789,"['temperature', 'pressure', 'load', 'humidity']",9000
55,47400,48000,Incremental,5.833437592979137,8.843186752637097,0.8283586763190978,1.3519134013975318,data,False,False,False,False,False,True,True,False,False,0.0,1.2946430003066904,"{'temperature': 0.13173611111111105, 'vibration': 0.07562499999999994, 'pressure': 0.22590277777777779, 'load': 0.6876388888888889, 'humidity': 0.5861805555555556, 'rpm': 0.0773611111111111, 'oil_viscosity': 0.06472222222222218}","{'temperature': 0.19910114974521492, 'vibration': 0.03511567874957346, 'pressure': 0.295725870610939, 'load': 4.800602492014056, 'humidity': 3.2338183249011063, 'rpm': 0.048219931202938854, 'oil_viscosity': 0.05461642149706039}",0.6876388888888889,4.800602492014056,"['load', 'humidity']",9000
56,48000,48600,Incremental,6.791911404288652,8.532276359270114,0.8686632783420238,1.5740420467707914,data,False,False,False,False,False,True,True,False,False,0.0,1.07841086529199,"{'temperature': 0.13791666666666666, 'vibration': 0.11673611111111115, 'pressure': 0.37784722222222217, 'load': 0.7627777777777778, 'humidity': 0.5854166666666667, 'rpm': 0.10333333333333339, 'oil_viscosity': 0.05027777777777778}","{'temperature': 0.19438838629728206, 'vibration': 0.073736417579966, 'pressure': 0.8768615937742199, 'load': 6.198087806140686, 'humidity': 3.2075262810421945, 'rpm': 0.053984625994736524, 'oil_viscosity': 0.05353147654238717}",0.7627777777777778,6.198087806140686,"['pressure', 'load', 'humidity']",9000
57,48600,49200,Incremental,6.959745770844888,8.691270572339235,0.8849720901647953,1.612938070898233,data,False,False,False,False,False,True,True,False,False,0.0,1.114529349596201,"{'temperature': 0.14798611111111104, 'vibration': 0.1433333333333333, 'pressure': 0.4194444444444444, 'load': 0.7454861111111111, 'humidity': 0.6125694444444445, 'rpm': 0.06673611111111111, 'oil_viscosity': 0.05541666666666667}","{'temperature': 0.26168966063528154, 'vibration': 0.16925198808836017, 'pressure': 1.202845076686455, 'load': 5.9814711223207695, 'humidity': 3.144570386668874, 'rpm': 0.025457931521280945, 'oil_viscosity': 0.060127448766845504}",0.7454861111111111,5.9814711223207695,"['pressure', 'load', 'humidity']",9000
58,49200,49800,Incremental,6.199319405490349,7.836221747332004,0.9079767357765519,1.436707404552182,data,False,False,False,False,False,True,True,False,False,0.0,1.235110480378985,"{'temperature': 0.18111111111111114, 'vibration': 0.05999999999999994, 'pressure': 0.28076388888888887, 'load': 0.7469444444444445, 'humidity': 0.5142361111111111, 'rpm': 0.056041666666666656, 'oil_viscosity': 0.06680555555555551}","{'temperature': 0.3763841821787553, 'vibration': 0.031640927831056626, 'pressure': 0.44825186823366964, 'load': 6.2004209652669395, 'humidity': 2.755221445306759, 'rpm': 0.023944882164693357, 'oil_viscosity': 0.02950485027625478}",0.7469444444444445,6.2004209652669395,"['pressure', 'load', 'humidity']",9000
59,49800,50400,Incremental,7.275328774313043,9.465572174571706,0.8743314382305336,1.6860752022794563,data,False,False,False,False,False,True,True,False,False,11.236849543986414,1.188392249918495,"{'temperature': 0.235, 'vibration': 0.02604166666666663, 'pressure': 0.47750000000000004, 'load': 0.686875, 'humidity': 0.5515277777777777, 'rpm': 0.07270833333333332, 'oil_viscosity': 0.16631944444444446}","{'temperature': 0.5013203857348307, 'vibration': 0.008512423436322131, 'pressure': 1.4617090527564471, 'load': 4.67914070424735, 'humidity': 3.020324378840482, 'rpm': 0.046416742864638524, 'oil_viscosity': 0.12979695026222846}",0.686875,4.67914070424735,"['pressure', 'load', 'humidity']",9000
60,50400,51000,Incremental,6.340193592069962,8.783522360777358,0.8532650498913457,1.4693553411611502,data,False,False,False,False,False,True,True,False,False,0.0,1.1547774511837536,"{'temperature': 0.2, 'vibration': 0.17937499999999995, 'pressure': 0.3546527777777778, 'load': 0.7136805555555555, 'humidity': 0.6640277777777778, 'rpm': 0.062083333333333324, 'oil_viscosity': 0.10923611111111114}","{'temperature': 0.3214490601138625, 'vibration': 0.21907381787979208, 'pressure': 0.9815270894905531, 'load': 5.0008853841721255, 'humidity': 5.29908605986992, 'rpm': 0.030399090417702182, 'oil_viscosity': 0.1415595392783538}",0.7136805555555555,5.29908605986992,"['pressure', 'load', 'humidity']",9000
61,51000,51600,Incremental,5.821877308006466,7.958630388722525,0.8234136804700792,1.3492342771368493,none,False,True,False,False,False,False,False,False,False,0.0,1.0272334752587122,"{'temperature': 0.08999999999999997, 'vibration': 0.05305555555555556, 'pressure': 0.15937500000000002, 'load': 0.04076388888888882, 'humidity': 0.09562500000000002, 'rpm': 0.1405555555555556, 'oil_viscosity': 0.1654861111111111}","{'temperature': 0.055081300115067316, 'vibration': 0.03113606384352367, 'pressure': 0.19223791640433208, 'load': 0.010059581708724709, 'humidity': 0.032372647650468586, 'rpm': 0.10329765056894699, 'oil_viscosity': 0.15670450637035283}",0.1654861111111111,0.19223791640433208,[],9000
62,51600,52200,Incremental,5.146657537913814,7.067013849182197,0.854862738914372,1.1927504472291688,none,False,False,False,False,False,False,False,False,False,0.5912226619689022,1.0500501725251399,"{'temperature': 0.09284722222222219, 'vibration': 0.06965277777777779, 'pressure': 0.10652777777777778, 'load': 0.09486111111111112, 'humidity': 0.16243055555555555, 'rpm': 0.048958333333333326, 'oil_viscosity': 0.1035416666666667}","{'temperature': 0.052883229662670464, 'vibration': 0.017336353934352722, 'pressure': 0.238996947157804, 'load': 0.043917745759401945, 'humidity': 0.208255380331202, 'rpm': 0.028108798792872956, 'oil_viscosity': 0.07016904361892252}",0.16243055555555555,0.238996947157804,[],9000
63,52200,52800,Incremental,5.845694316756469,7.850993189872245,0.8568459353650083,1.3547539270511784,none,False,False,False,False,False,False,False,False,False,0.28168458205517366,1.053162327224695,"{'temperature': 0.06305555555555564, 'vibration': 0.043819444444444466, 'pressure': 0.17291666666666664, 'load': 0.03722222222222216, 'humidity': 0.09895833333333337, 'rpm': 0.07965277777777774, 'oil_viscosity': 0.11034722222222226}","{'temperature': 0.034564899104521166, 'vibration': 0.021239673531290013, 'pressure': 0.14722911402575192, 'load': 0.020708303526696597, 'humidity': 0.09936633975640585, 'rpm': 0.032765114696021086, 'oil_viscosity': 0.07280297207209226}",0.17291666666666664,0.14722911402575192,[],9000
64,52800,53400,Incremental,20.19993241324903,24.236587707728585,-0.3186134648488326,4.681383644124882,relational,True,False,False,True,True,True,False,True,True,0.0,3.461572287486853,"{'temperature': 0.7452777777777777, 'vibration': 0.3006944444444444, 'pressure': 0.12666666666666665, 'load': 0.07291666666666663, 'humidity': 0.0634027777777778, 'rpm': 0.4210416666666666, 'oil_viscosity': 0.09104166666666669}","{'temperature': 5.98328411825456, 'vibration': 0.5174841691992151, 'pressure': 0.10911859096064704, 'load': 0.05213492468704338, 'humidity': 0.06180271971063832, 'rpm': 1.0330826010985577, 'oil_viscosity': 0.12184982679476981}",0.7452777777777777,5.98328411825456,"['temperature', 'vibration', 'rpm']",9600
65,53400,54000,Incremental,7.023939166699347,9.676896752370093,0.8240140861833822,1.62781504708142,both,False,False,True,False,False,True,True,True,True,0.07590976544282668,3.407724873027061,"{'temperature': 0.7129861111111111, 'vibration': 0.2859027777777778, 'pressure': 0.03868055555555558, 'load': 0.04256944444444444, 'humidity': 0.14305555555555557, 'rpm': 0.38208333333333333, 'oil_viscosity': 0.08909722222222222}","{'temperature': 3.803043810715873, 'vibration': 0.4604614731103013, 'pressure': 0.01641087317096371, 'load': 0.038514518208252, 'humidity': 0.14653511917505027, 'rpm': 1.0298107071873766, 'oil_viscosity': 0.07533219752517877}",0.7129861111111111,3.803043810715873,"['temperature', 'vibration', 'rpm']",10200
66,54000,54600,Incremental,6.765095536943518,8.661970887670048,0.8237758201849696,1.5678274040569278,both,False,False,False,False,False,True,True,True,True,0.0,3.3623588782784064,"{'temperature': 0.8280555555555555, 'vibration': 0.5478472222222222, 'pressure': 0.10875000000000001, 'load': 0.09090277777777783, 'humidity': 0.08875, 'rpm': 0.4054861111111111, 'oil_viscosity': 0.14354166666666665}","{'temperature': 5.259471032107873, 'vibration': 1.7937887632686143, 'pressure': 0.05825048631029664, 'load': 0.056376865953689195, 'humidity': 0.09976955551913717, 'rpm': 0.8588464595700842, 'oil_viscosity': 0.18566907243712835}",0.8280555555555555,5.259471032107873,"['temperature', 'vibration', 'rpm']",10800
67,54600,55200,Incremental,5.594108513656706,8.087414345785579,0.8444787923872911,1.2964483030703398,both,False,False,False,False,False,True,True,True,False,0.0,3.366143405934632,"{'temperature': 0.8438888888888889, 'vibration': 0.3691666666666667, 'pressure': 0.08479166666666671, 'load': 0.060972222222222205, 'humidity': 0.16076388888888893, 'rpm': 0.34229166666666666, 'oil_viscosity': 0.07750000000000001}","{'temperature': 7.762874883531168, 'vibration': 0.7319804147793169, 'pressure': 0.09133033951797322, 'load': 0.04027454969673653, 'humidity': 0.14798323441796485, 'rpm': 0.7329944574065628, 'oil_viscosity': 0.03664708582689799}",0.8438888888888889,7.762874883531168,"['temperature', 'vibration', 'rpm']",10800
68,55200,55800,Incremental,6.581827177765389,8.669383913506865,0.7546269394317573,1.5253545144655065,both,False,False,False,False,False,True,True,True,False,0.2646787640630477,3.264183595730943,"{'temperature': 0.7513194444444444, 'vibration': 0.44986111111111116, 'pressure': 0.16006944444444446, 'load': 0.09597222222222224, 'humidity': 0.04652777777777778, 'rpm': 0.44402777777777774, 'oil_viscosity': 0.09576388888888893}","{'temperature': 6.882145082924375, 'vibration': 1.3831745809500464, 'pressure': 0.19357176098911894, 'load': 0.06129606470950765, 'humidity': 0.02691004016218057, 'rpm': 1.528132879918965, 'oil_viscosity': 0.03941556315254387}",0.7513194444444444,6.882145082924375,"['temperature', 'vibration', 'rpm']",10800
69,55800,56400,Incremental,6.889923958551068,8.089693350673832,0.9099616933868504,1.596756695466449,both,False,False,False,False,False,True,True,True,False,7.2224065837932,3.5782526151933447,"{'temperature': 0.7207638888888889, 'vibration': 0.3903472222222222, 'pressure': 0.10833333333333339, 'load': 0.0353472222222222, 'humidity': 0.0799305555555555, 'rpm': 0.4890972222222223, 'oil_viscosity': 0.15229166666666666}","{'temperature': 5.762055385844906, 'vibration': 0.8274682150055466, 'pressure': 0.10386872570568428, 'load': 0.009742385456687291, 'humidity': 0.05019892229798892, 'rpm': 1.3537156480896368, 'oil_viscosity': 0.14976797816054163}",0.7207638888888889,5.762055385844906,"['temperature', 'vibration', 'rpm']",10800
70,56400,57000,Incremental,6.359022012323103,7.875228773569448,0.9071911486965264,1.473718873514355,both,False,False,False,False,False,True,True,True,False,0.0,3.4054814822762514,"{'temperature': 0.7998611111111111, 'vibration': 0.4870138888888889, 'pressure': 0.17041666666666672, 'load': 0.04986111111111108, 'humidity': 0.11062499999999997, 'rpm': 0.3789583333333333, 'oil_viscosity': 0.15180555555555558}","{'temperature': 6.668903480414204, 'vibration': 1.456851567370189, 'pressure': 0.14639485593844187, 'load': 0.032810176764386176, 'humidity': 0.06318291718692376, 'rpm': 0.9228524774004145, 'oil_viscosity': 0.18434821598805415}",0.7998611111111111,6.668903480414204,"['temperature', 'vibration', 'rpm']",10800
71,57000,57600,Incremental,5.736710662119785,7.231771957201319,0.9034025925125302,1.329496699063698,both,False,False,False,False,False,True,True,True,False,0.10679076430079837,3.3222057423570504,"{'temperature': 0.6850694444444444, 'vibration': 0.37930555555555556, 'pressure': 0.06874999999999998, 'load': 0.08104166666666665, 'humidity': 0.22374999999999995, 'rpm': 0.3856944444444444, 'oil_viscosity': 0.06798611111111108}","{'temperature': 5.759213309066681, 'vibration': 0.8421999483747298, 'pressure': 0.0326346623660308, 'load': 0.06073326614264705, 'humidity': 0.22573187703074143, 'rpm': 0.9628968724522589, 'oil_viscosity': 0.056223397351236555}",0.6850694444444444,5.759213309066681,"['temperature', 'vibration', 'rpm']",10800
72,57600,58200,Incremental,4.917575358409637,6.58653386664651,0.9126138539210354,1.1396600929471943,both,False,False,False,False,False,True,True,True,False,0.23662785866419164,3.2903855281406464,"{'temperature': 0.7463888888888889, 'vibration': 0.3927083333333334, 'pressure': 0.3007638888888889, 'load': 0.04326388888888888, 'humidity': 0.09569444444444447, 'rpm': 0.5322222222222222, 'oil_viscosity': 0.19680555555555554}","{'temperature': 6.137584244026967, 'vibration': 0.9247251512876244, 'pressure': 0.45249119258376874, 'load': 0.029846318655667423, 'humidity': 0.0662195575863704, 'rpm': 1.691778556554159, 'oil_viscosity': 0.25711265367895053}",0.7463888888888889,6.137584244026967,"['temperature', 'vibration', 'pressure', 'rpm']",10800
73,58200,58800,Incremental,4.316707290143746,5.915395512764918,0.9279704354120772,1.0004074514278645,both,False,False,False,False,False,True,True,True,False,3.6010157757840617,3.1916812805123684,"{'temperature': 0.7513194444444444, 'vibration': 0.5000694444444445, 'pressure': 0.04916666666666669, 'load': 0.0559722222222222, 'humidity': 0.28402777777777777, 'rpm': 0.4675694444444445, 'oil_viscosity': 0.06763888888888892}","{'temperature': 5.2689698225371675, 'vibration': 1.4888536805657757, 'pressure': 0.039547931599292055, 'load': 0.048082675525307025, 'humidity': 0.4361817367793468, 'rpm': 1.4625970138912952, 'oil_viscosity': 0.09991274558737201}",0.7513194444444444,5.2689698225371675,"['temperature', 'vibration', 'rpm']",10800
74,58800,59400,Incremental,5.810111547210461,7.90464948653734,0.8073293116024756,1.3465075333525496,both,False,False,False,False,False,True,True,True,False,0.3068496993451537,3.1867563104914285,"{'temperature': 0.6500694444444444, 'vibration': 0.4947916666666667, 'pressure': 0.06972222222222224, 'load': 0.02923611111111113, 'humidity': 0.14458333333333334, 'rpm': 0.4511805555555556, 'oil_viscosity': 0.14305555555555555}","{'temperature': 3.5807886732508294, 'vibration': 1.316419704610292, 'pressure': 0.07260218935756031, 'load': 0.005998661125900497, 'humidity': 0.11553731397925587, 'rpm': 1.2554492643648207, 'oil_viscosity': 0.0972729816492717}",0.6500694444444444,3.5807886732508294,"['temperature', 'vibration', 'rpm']",10800
75,59400,60000,Incremental,7.185517493272504,10.184346053992588,0.5049374011439698,1.6652612186720004,both,False,False,False,False,False,True,True,True,False,0.5947495991436662,3.3425546406404187,"{'temperature': 0.6401388888888889, 'vibration': 0.426875, 'pressure': 0.09215277777777775, 'load': 0.04444444444444445, 'humidity': 0.15916666666666668, 'rpm': 0.33486111111111116, 'oil_viscosity': 0.11583333333333334}","{'temperature': 3.587472626416316, 'vibration': 0.9462949588334508, 'pressure': 0.08257704461810804, 'load': 0.02281551117418519, 'humidity': 0.10950180741507769, 'rpm': 0.683011611793806, 'oil_viscosity': 0.10322339769978323}",0.6401388888888889,3.587472626416316,"['temperature', 'vibration', 'rpm']",10800
